Date, Mid, High, Low
2020-03-09, 4.040883990919118, 4.297328372413722, 3.7844396094245134
2020-03-06, 3.6566286682531928, 3.7525794973921154, 3.56067783911427
2020-03-05, 3.785222737249777, 3.913880276754663, 3.6565651977448907
2020-03-04, 3.9011825746798134, 4.006442252933985, 3.795922896425642
2020-03-03, 3.839422348091241, 4.006519082325339, 3.672325613857143
2020-03-02, 3.8134243991968937, 4.029234610521869, 3.5976141878719186
2020-02-28, 3.723746165125752, 3.8863171088414634, 3.5611752214100405
2020-02-27, 3.869238886194618, 4.053180524825916, 3.6852972475633194
2020-02-26, 3.9258532605046605, 4.134310912188532, 3.717395608820789
2020-02-25, 3.776133452935673, 3.953539216151685, 3.598727689719661
2020-02-24, 3.7390363712156294, 3.864344175238095, 3.613728567193164
2020-02-21, 3.8682082666533057, 3.929676608696473, 3.8067399246101385
2020-02-20, 3.919443158044821, 4.008244729978531, 3.830641586111111
2020-02-19, 3.8739375550595714, 4.082616876541787, 3.6652582335773554
2020-02-18, 3.8220222811728917, 3.9740233556941496, 3.6700212066516342
2020-02-14, 3.7341562943589057, 3.798736600777977, 3.6695759879398344
2020-02-13, 3.701321824896833, 3.7992588607651925, 3.603384789028474
2020-02-12, 3.6845754139979423, 3.7332969260993685, 3.6358539018965157
2020-02-11, 3.7738150318902832, 3.909962479347192, 3.6376675844333746
2020-02-10, 3.7664388167275016, 3.882456493597768, 3.650421139857235
2020-02-07, 3.8451237959092786, 3.8919494912956814, 3.7982981005228758
2020-02-06, 3.917006629557844, 4.000306168306933, 3.8337070908087543
2020-02-05, 4.01855314950919, 4.169810711740077, 3.8672955872783037
2020-02-04, 4.062176836138225, 4.1381361287043665, 3.9862175435720846
2020-02-03, 3.971138062074248, 4.061048315602837, 3.8812278085456593
2020-01-31, 3.9875407188189484, 4.114972731076835, 3.860108706561061
2020-01-30, 4.006697857965796, 4.122404513278758, 3.8909912026528346
2020-01-29, 4.023096360207159, 4.087015000564812, 3.9591777198495057
2020-01-28, 4.096269759621021, 4.246397591669625, 3.9461419275724166
2020-01-27, 4.2536244891798205, 4.373459631993362, 4.133789346366279
2020-01-24, 4.548864532722556, 4.670513325306969, 4.427215740138143
2020-01-23, 4.507500761167819, 4.626065087638668, 4.388936434696969
2020-01-22, 4.408660391865561, 4.485879096129043, 4.331441687602078
2020-01-21, 4.433815304638706, 4.527503516308524, 4.3401270929688875
2020-01-17, 4.3355047258265405, 4.438228907184905, 4.232780544468177
2020-01-16, 4.3702505043445985, 4.4563089257523165, 4.28419208293688
2020-01-15, 4.324389181523815, 4.43005168730038, 4.21872667574725
2020-01-14, 4.4325240674963275, 4.6486656249600005, 4.216382510032654
2020-01-13, 4.625581128838382, 4.673728770276869, 4.5774334873998965
2020-01-10, 4.761586481355469, 4.934354535295118, 4.58881842741582
2020-01-09, 4.790948283126621, 4.887673544725536, 4.694223021527705
2020-01-08, 4.600691109617931, 4.804144008254834, 4.397238210981028
2020-01-07, 4.70430310872168, 4.86129823294847, 4.54730798449489
2020-01-06, 4.95133616866214, 5.111817737325967, 4.790854599998314
2020-01-03, 5.263574239231593, 5.491740399120291, 5.035408079342896
2020-01-02, 5.368094758833307, 5.476506752691518, 5.259682764975096
2019-12-31, 5.195590324914054, 5.303399248166396, 5.087781401661712
2019-12-30, 5.122601804845415, 5.2117617187272725, 5.033441890963558
2019-12-27, 5.224598602365464, 5.3149352441303, 5.134261960600627
2019-12-26, 5.092629122006706, 5.196586866790724, 4.988671377222688
2019-12-24, 5.057212573001225, 5.157336361848042, 4.957088784154408
2019-12-23, 4.930344471078603, 5.090018562168323, 4.770670379988882
2019-12-20, 5.173856240007378, 5.249889092887631, 5.097823387127125
2019-12-19, 5.140332592479182, 5.27432893686374, 5.006336248094624
2019-12-18, 5.334447822006157, 5.733451417004049, 4.935444227008266
2019-12-17, 5.501688743604104, 5.643153557569721, 5.360223929638487
2019-12-16, 5.385359875136171, 5.51848783819311, 5.252231912079231
2019-12-13, 5.211923350035227, 5.307032803519171, 5.1168138965512835
2019-12-12, 5.1620992518643956, 5.303497631319347, 5.020700872409443
2019-12-11, 5.078903106098381, 5.152296766980134, 5.005509445216628
2019-12-10, 5.036924442167116, 5.145765508905525, 4.928083375428709
2019-12-09, 4.908570147704635, 5.042452442519425, 4.774687852889847
2019-12-06, 4.920200786431309, 5.035336919835771, 4.805064653026846
2019-12-05, 4.954590089693394, 5.073584127997132, 4.835596051389655
2019-12-04, 4.893973770239068, 5.1336195475037725, 4.654327992974364
2019-12-03, 4.848466656735244, 4.932307182868919, 4.764626130601569
2019-12-02, 4.936565860097717, 5.053990417680257, 4.819141302515178
2019-11-29, 4.748217980597534, 4.891736225399548, 4.604699735795521
2019-11-27, 4.995522266217684, 5.2903887952546995, 4.700655737180668
2019-11-26, 5.028170832181108, 5.1445746820056995, 4.911766982356517
2019-11-25, 5.188378669086157, 5.509065643375859, 4.867691694796455
2019-11-22, 4.959144740348263, 5.273811141398866, 4.644478339297659
2019-11-21, 4.6337930080854, 4.857424394356462, 4.410161621814338
2019-11-20, 4.406140398375399, 4.477886760534894, 4.334394036215905
2019-11-19, 4.466803476201501, 4.535470688872922, 4.39813626353008
2019-11-18, 4.3746606235551715, 4.507469973155441, 4.241851273954902
2019-11-15, 4.189072474702872, 4.305099980015526, 4.073044969390218
2019-11-14, 4.099131062519017, 4.155562173094171, 4.042699951943863
2019-11-13, 4.05199881432781, 4.099503660102582, 4.004493968553039
2019-11-12, 4.079788204642241, 4.166033011452111, 3.99354339783237
2019-11-11, 3.9997695674599685, 4.126609305064607, 3.87292982985533
2019-11-08, 3.950180210152621, 4.084083946770405, 3.816276473534837
2019-11-07, 3.844587270507168, 3.910823700647705, 3.778350840366631
2019-11-06, 3.77414352483468, 3.819089694331869, 3.7291973553374915
2019-11-05, 3.7987757309917694, 3.862374484976736, 3.735176977006803
2019-11-04, 3.7915674032490188, 3.892601719855146, 3.690533086642891
2019-11-01, 3.8385897892393794, 3.906775669714286, 3.7704039087644725
2019-10-31, 3.814971889063181, 3.929835315858321, 3.7001084622680414
2019-10-30, 3.778142825750308, 3.8835797119759254, 3.672705939524691
2019-10-29, 3.738085919250185, 3.8369970978813557, 3.639174740619015
2019-10-28, 3.6447653614527304, 3.799703616643357, 3.4898271062621045
2019-10-25, 4.281152191858256, 4.676366477583521, 3.885937906132991
2019-10-24, 4.638038358216685, 4.719896967758556, 4.556179748674812
2019-10-23, 4.49814887785131, 4.731203276165347, 4.265094479537274
2019-10-22, 4.249100409349891, 4.333804127035695, 4.164396691664088
2019-10-21, 4.218379158442523, 4.273704754083489, 4.163053562801556
2019-10-18, 4.340962088384208, 4.446123870912534, 4.235800305855882
2019-10-17, 4.313335359453152, 4.369398301694921, 4.257272417211382
2019-10-16, 4.2807489055222, 4.381917383643724, 4.179580427400677
2019-10-15, 4.135697978227915, 4.26416814072327, 4.00722781573256
2019-10-14, 4.04284930755219, 4.0992336839568395, 3.986464931147541
2019-10-11, 3.9576247653519867, 4.142217838972525, 3.7730316917314486
2019-10-10, 3.7990844140253826, 3.888116638776068, 3.710052189274697
2019-10-09, 3.826626177514709, 3.971603690043001, 3.681648664986416
2019-10-08, 3.911482543379024, 3.9788767366109883, 3.844088350147059
2019-10-07, 4.06839249604757, 4.222038464243288, 3.914746527851852
2019-10-04, 4.002759461954153, 4.080831710509959, 3.924687213398347
2019-10-03, 3.891089821147567, 4.024010162295134, 3.75816948
2019-10-02, 3.881892286761242, 3.9662155181440815, 3.7975690553784025
2019-10-01, 3.9247798475367883, 4.040667952192425, 3.8088917428811513
2019-09-30, 4.122062135884365, 4.292346482511924, 3.9517777892568065
2019-09-27, 4.093038044280446, 4.231691791195587, 3.954384297365305
2019-09-26, 4.095422934168791, 4.305876683614919, 3.884969184722663
2019-09-25, 3.930345460741165, 4.0856616978675335, 3.775029223614797
2019-09-24, 3.729918482369292, 4.121716847488584, 3.33812011725
2019-09-23, 3.40802479651473, 3.4900909523526495, 3.3259586406768102
2019-09-20, 3.3217817620948646, 3.3717919946636052, 3.271771529526124
2019-09-19, 3.395044525105569, 3.5285509020571872, 3.2615381481539507
2019-09-18, 3.3136091234983827, 3.3528237989139895, 3.2743944480827754
2019-09-17, 3.2971392281120018, 3.33137963470185, 3.262898821522154
2019-09-16, 3.2953379666903126, 3.348424809614645, 3.2422511237659806
2019-09-13, 3.28373590800559, 3.3593746151089374, 3.208097200902242
2019-09-12, 3.2764226589170886, 3.35585137967691, 3.1969939381572674
2019-09-11, 3.318122340165168, 3.4040397670098255, 3.2322049133205097
2019-09-10, 3.2585836524660534, 3.3427862966459627, 3.1743810082861446
2019-09-09, 3.2119274551212795, 3.283067349377152, 3.1407875608654066
2019-09-06, 3.1247980539241134, 3.2449363405405793, 3.004659767307647
2019-09-05, 3.1123659590824486, 3.1667755186545725, 3.057956399510325
2019-09-04, 3.0367605459841096, 3.1136363711416672, 2.9598847208265524
2019-09-03, 2.9906651568499276, 3.0738271767837886, 2.907503136916067
2019-08-30, 3.3697889075648986, 3.445443754710508, 3.2941340604192892
2019-08-29, 3.3669382760346633, 3.450331832244578, 3.2835447198247487
2019-08-28, 3.191521595054975, 3.3364086460814293, 3.0466345440285205
2019-08-27, 3.108442965355347, 3.1877925196927466, 3.0290934110179473
2019-08-26, 3.04750678369848, 3.132138734744539, 2.9628748326524215
2019-08-23, 3.0981681130789456, 3.2085744385970685, 2.9877617875608222
2019-08-22, 3.1965199192703193, 3.2781051572606743, 3.1149346812799643
2019-08-21, 3.085245126413149, 3.2309800708228886, 2.9395101820034095
2019-08-20, 2.9345489236652433, 3.0003577406812707, 2.868740106649216
2019-08-19, 2.992317504264447, 3.1024327821934694, 2.8822022263354246
2019-08-16, 3.0879700398186696, 3.2178607193560715, 2.958079360281268
2019-08-15, 3.08947011646248, 3.253767697081218, 2.925172535843742
2019-08-14, 2.996071077961589, 3.1672731216309424, 2.8248690342922353
2019-08-13, 2.8496449648685696, 2.97370291553063, 2.725587014206509
2019-08-12, 2.7509473863027374, 2.814638126975594, 2.6872566456298808
2019-08-09, 2.6906525883480312, 2.7446472028629647, 2.6366579738330977
2019-08-08, 2.7136757595380008, 2.791916335978836, 2.635435183097166
2019-08-07, 2.6787267518587985, 2.813160011868412, 2.544293491849185
2019-08-06, 2.691478298237982, 2.8373259884561612, 2.545630608019802
2019-08-05, 2.752291415504639, 2.912181779255475, 2.5924010517538036
2019-08-02, 3.062089393757156, 3.1388091590076788, 2.985369628506634
2019-08-01, 3.2032910429407657, 3.333814616205606, 3.072767469675926
2019-07-31, 3.3432345485282964, 3.4695618278448555, 3.2169072692117378
2019-07-30, 3.455255886406437, 3.5309995168674853, 3.3795122559453885
2019-07-29, 3.5145014339156315, 3.586563279864195, 3.4424395879670677
2019-07-26, 3.4486652452307816, 3.5069200024484535, 3.39041048801311
2019-07-25, 3.4069160416734405, 3.4984486355906244, 3.315383447756257
2019-07-24, 3.5033784144699496, 3.5864902703235475, 3.420266558616352
2019-07-23, 3.3725717788001477, 3.4635295554290053, 3.2816140021712905
2019-07-22, 3.2697860639397804, 3.3712796844877477, 3.1682924433918127
2019-07-19, 3.2700037051890765, 3.3798468402966626, 3.1601605700814903
2019-07-18, 3.4008675171467164, 3.6542014223166888, 3.147533611976744
2019-07-17, 3.5557272784305125, 3.7328410303071675, 3.3786135265538575
2019-07-16, 3.3555472789831127, 3.6217686302709846, 3.0893259276952407
2019-07-15, 3.2718296174921853, 3.469215915723656, 3.0744433192607143
2019-07-12, 2.9684526448805073, 3.086513035745742, 2.850392254015273
2019-07-11, 2.9295155977693352, 3.0782328657954543, 2.780798329743216
2019-07-10, 2.72988382436409, 2.917129645297297, 2.5426380034308833
2019-07-09, 2.701408286663611, 2.805913671655851, 2.5969029016713705
2019-07-08, 2.8308436583013847, 2.9596367850301983, 2.7020505315725716
2019-07-05, 3.0284683309831335, 3.139224867387754, 2.9177117945785125
2019-07-03, 2.978191647055148, 3.1355813953488374, 2.820801898761458
2019-07-02, 3.274020139502666, 3.5016419015686275, 3.0463983774367045
2019-07-01, 3.221940243642185, 3.4338311301491875, 3.0100493571351827
2019-06-28, 2.9326872974361864, 3.15487183237876, 2.7105027624936127
2019-06-27, 2.9238062694129945, 3.3259050292500003, 2.5217075095759887
2019-06-26, 2.7099692523331864, 3.0040022200963623, 2.41593628457001
2019-06-25, 2.975266504476118, 3.098096433038258, 2.8524365759139787
2019-06-24, 3.1497834497689046, 3.2361969363807352, 3.063369963157074
2019-06-21, 3.4454485836990214, 3.590612671124568, 3.300284496273475
2019-06-20, 3.597824813213304, 3.6953179940844314, 3.5003316323421765
2019-06-19, 3.642205131913027, 3.704650027886224, 3.5797602359398293
2019-06-18, 3.619535406027519, 3.7284571228384813, 3.5106136892165565
2019-06-17, 3.5595451974910395, 3.6687856557767806, 3.4503047392052983
2019-06-14, 3.896553585871971, 4.048409450572237, 3.744697721171705
2019-06-13, 4.034013221108617, 4.117610677761645, 3.9504157644555886
2019-06-12, 4.116836375320758, 4.24064703828957, 3.993025712351946
2019-06-11, 4.211541773412679, 4.323401894487177, 4.099681652338181
2019-06-10, 4.253811999869898, 4.41032563885977, 4.097298360880027
2019-06-07, 4.151067232276926, 4.262516859443332, 4.039617605110519
2019-06-06, 4.253286290072255, 4.395273735649513, 4.111298844494998
2019-06-05, 4.17187148153516, 4.271682300334448, 4.072060662735871
2019-06-04, 4.111882777341702, 4.339686563527398, 3.8840789911560054
2019-06-03, 3.7302618397906615, 3.9083402724137932, 3.5521834071675302
2019-05-31, 3.7621408008934507, 3.8891726172785446, 3.6351089845083564
2019-05-30, 3.725314146173208, 3.983480560531246, 3.4671477318151704
2019-05-29, 3.6845685871321763, 3.787734177104976, 3.5814029971593766
2019-05-28, 3.7253570105892093, 3.8145346653297754, 3.6361793558486433
2019-05-24, 4.0627926528376195, 4.165939456546258, 3.9596458491289805
2019-05-23, 4.175711427924012, 4.331091134578183, 4.020331721269841
2019-05-22, 4.202027297449266, 4.353662079639839, 4.050392515258694
2019-05-21, 4.124452137223399, 4.208213149838647, 4.04069112460815
2019-05-20, 4.140287596067285, 4.328018645042017, 3.9525565470925526
2019-05-17, 4.5571570827138075, 4.975789114860978, 4.138525050566637
2019-05-16, 4.1291284169381415, 4.326271809833333, 3.9319850240429495
2019-05-15, 4.071762929922347, 4.230462191265395, 3.913063668579299
2019-05-14, 4.128533881554595, 4.349542075436877, 3.907525687672313
2019-05-13, 4.39980531360452, 4.824162367358491, 3.9754482598505496
2019-05-10, 5.338018632696493, 5.528520925424636, 5.147516339968351
2019-05-09, 5.511718092586529, 5.670927228452686, 5.3525089567203725
2019-05-08, 5.819205666616121, 6.024922574342389, 5.6134887588898525
2019-05-07, 5.856951364537093, 6.046407368605135, 5.667495360469052
2019-05-06, 6.07319834181102, 6.228245008468596, 5.918151675153443
2019-05-03, 6.178247970560902, 6.435369955618072, 5.921125985503731
2019-05-02, 6.370217611743318, 6.505502126639304, 6.23493309684733
2019-05-01, 6.526996732448326, 6.607544166833778, 6.446449298062873
2019-04-30, 6.606172079757553, 6.71224188221942, 6.500102277295687
2019-04-29, 6.666686783123719, 6.740075568544587, 6.5932979977028525
2019-04-26, 6.622520439987461, 6.798005574692479, 6.447035305282443
2019-04-25, 6.560125330381798, 6.983284333947368, 6.1369663268162284
2019-04-24, 6.254970522086047, 6.412968932869597, 6.096972111302497
2019-04-23, 6.261442323259226, 6.435863292671167, 6.087021353847285
2019-04-22, 6.42668277008856, 6.549193661454223, 6.304171878722897
2019-04-18, 6.5318194993456045, 6.636452745021242, 6.427186253669967
2019-04-17, 6.605499798110149, 6.675319781108313, 6.535679815111983
2019-04-16, 6.741760464062613, 6.907240546211924, 6.576280381913303
2019-04-15, 6.782478301199066, 6.951328483115476, 6.613628119282656
2019-04-12, 6.881403283725897, 7.027293909622541, 6.735512657829252
2019-04-11, 6.629701448179905, 6.900766075069521, 6.358636821290289
2019-04-10, 6.449101484939181, 6.6618094329599495, 6.236393536918412
2019-04-09, 6.531028711887419, 6.636779674714515, 6.4252777490603235
2019-04-08, 6.525477064902218, 6.665043386225984, 6.385910743578452
2019-04-05, 6.93916098098525, 7.090466025548364, 6.787855936422137
2019-04-04, 7.010189280887531, 7.229010458130237, 6.791368103644825
2019-04-03, 6.847045296891913, 7.298575374062761, 6.395515219721067
2019-04-02, 7.3956053795835395, 8.260453526593182, 6.5307572325738965
2019-04-01, 8.306451022965122, 8.439676808382869, 8.173225237547376
2019-03-29, 8.318691022791132, 8.467026776409169, 8.170355269173095
2019-03-28, 8.39645702797898, 8.496174968976899, 8.296739086981063
2019-03-27, 8.480426903093512, 8.68978369200355, 8.271070114183475
2019-03-26, 8.662079536788735, 8.770369925883113, 8.553789147694358
2019-03-25, 8.553841423185325, 8.725036133053441, 8.38264671331721
2019-03-22, 8.462876018937393, 8.565936789454868, 8.35981524841992
2019-03-21, 8.485384449454383, 8.669966796999999, 8.300802101908769
2019-03-20, 8.50248471178379, 8.643173177000001, 8.361796246567579
2019-03-19, 8.62907926333624, 8.7323051387788, 8.52585338789368
2019-03-18, 8.616604741364966, 8.700900985383699, 8.532308497346234
2019-03-15, 8.807309418477628, 8.913641120878442, 8.700977716076814
2019-03-14, 8.832082969112443, 8.973083663123123, 8.691082275101763
2019-03-13, 8.777875915736168, 8.924697645608715, 8.631054185863618
2019-03-12, 8.716914463634065, 8.915052188360455, 8.518776738907674
2019-03-11, 8.5811799015181, 8.81533993548653, 8.347019867549669
2019-03-08, 8.597518487417819, 8.806267549501698, 8.38876942533394
2019-03-07, 8.659246088804178, 8.781906138152081, 8.536586039456273
2019-03-06, 8.776380276601035, 8.894185671256455, 8.658574881945617
2019-03-05, 8.957465968878253, 9.190830317097253, 8.724101620659251
2019-03-04, 9.116714472717279, 9.371208652144315, 8.862220293290243
2019-03-01, 9.000818897812206, 9.125181908042848, 8.876455887581566
2019-02-28, 9.008936293044083, 9.164892411534806, 8.852980174553363
2019-02-27, 9.191811836562781, 9.41702668841337, 8.966596984712194
2019-02-26, 8.995555104785193, 9.128990835508956, 8.862119374061432
2019-02-25, 8.974979874853192, 9.124943032001642, 8.825016717704742
2019-02-22, 8.617571900101765, 8.713344612374582, 8.521799187828949
2019-02-21, 8.58268753379334, 8.746351885233741, 8.419023182352941
2019-02-20, 8.62711401843358, 8.752096303643478, 8.502131733223683
2019-02-19, 8.567876311400592, 8.717099291858895, 8.41865333094229
2019-02-15, 9.178457774843691, 9.310690900359711, 9.046224649327671
2019-02-14, 9.121166625433936, 9.210149037505225, 9.032184213362646
2019-02-13, 9.166572215639302, 9.256792597368818, 9.076351833909788
2019-02-12, 9.06773695944657, 9.181355428973276, 8.954118489919866
2019-02-11, 8.94781649481914, 9.053808839381961, 8.84182415025632
2019-02-08, 9.163435206652423, 9.674909682080925, 8.651960731223921
2019-02-07, 9.624383710826528, 9.76626624357159, 9.482501178081465
2019-02-06, 9.677198041869808, 9.834933527797109, 9.519462555942505
2019-02-05, 9.625875196372203, 9.727211639072088, 9.524538753672315
2019-02-04, 9.573126491605155, 9.677805444743523, 9.468447538466789
2019-02-01, 9.583749394048771, 9.770922203476601, 9.396576584620941
2019-01-31, 9.52119626124593, 9.674170206578536, 9.368222315913325
2019-01-30, 9.504106398482325, 9.6761165240211, 9.33209627294355
2019-01-29, 9.489137632691317, 9.653704671752738, 9.324570593629895
2019-01-28, 9.27308430271441, 9.552225424854369, 8.993943180574453
2019-01-25, 9.102382634653123, 9.208895602649301, 8.995869666656946
2019-01-24, 8.976402546404557, 9.103925583174986, 8.848879509634127
2019-01-23, 8.953196507587144, 9.155157250819112, 8.751235764355174
2019-01-22, 8.95926249992694, 9.23714705930931, 8.681377940544568
2019-01-18, 8.747802298571818, 8.863422397579143, 8.632182199564493
2019-01-17, 8.683480303492797, 8.854981670236475, 8.511978936749117
2019-01-16, 8.553948306658683, 8.703754179223749, 8.404142434093616
2019-01-15, 8.480939033055542, 8.681747011715371, 8.280131054395714
2019-01-14, 8.427156489818081, 8.685767239679606, 8.168545739956555
2019-01-11, 8.277794611863408, 8.419466093470405, 8.136123130256411
2019-01-10, 7.984744221241226, 8.503756806609019, 7.465731635873434
2019-01-09, 7.559912161354477, 7.6893665935553495, 7.430457729153606
2019-01-08, 7.464106161536829, 7.661179383372765, 7.267032939700893
2019-01-07, 7.423223117122505, 7.570338391573081, 7.276107842671928
2019-01-04, 7.710998319699097, 7.9045220462199275, 7.5174745931782665
2019-01-03, 7.498238364905596, 7.752208661549011, 7.244268068262182
2019-01-02, 7.568166658761607, 7.843524842968506, 7.292808474554707
2018-12-31, 7.764141426896304, 8.009989559939719, 7.518293293852889
2018-12-28, 7.7303950849437175, 8.153531003591729, 7.307259166295707
2018-12-27, 7.688469760104887, 8.11890899122807, 7.258030528981705
2018-12-26, 7.38889537946752, 7.7282682599090675, 7.049522499025974
2018-12-24, 6.7507461540266105, 7.09202194952381, 6.409470358529411
2018-12-21, 7.258705121572898, 7.761309197588962, 6.756101045556836
2018-12-20, 7.382125697811963, 7.943675929660071, 6.820575465963856
2018-12-19, 7.774703386225348, 8.311081577138197, 7.2383251953125
2018-12-18, 8.363324277450808, 8.727920836251423, 7.9987277186501915
2018-12-17, 8.836981944852727, 9.483197410317786, 8.19076647938767
2018-12-14, 9.430490955085634, 9.757273931762178, 9.10370797840909
2018-12-13, 9.26944129531783, 9.57834500756869, 8.96053758306697
2018-12-12, 9.055528163537407, 9.26428696380597, 8.846769363268841
2018-12-11, 9.081425372627788, 9.355192364528301, 8.807658380727274
2018-12-10, 8.774779111767826, 9.108108010037174, 8.441450213498477
2018-12-07, 9.263191051857348, 9.822160133463797, 8.704221970250897
2018-12-06, 8.588644635866931, 9.16595390611798, 8.011335365615881
2018-12-04, 8.233172952064232, 8.648697698322147, 7.817648205806317
2018-12-03, 8.298816316098089, 8.718191589932886, 7.8794410422632915
2018-11-30, 7.935665887220862, 8.411621317363693, 7.459710457078033
2018-11-29, 7.580229719943922, 7.9596625647449875, 7.200796875142857
2018-11-28, 7.857184126363736, 8.516464523752774, 7.197903728974698
2018-11-27, 8.404730492463145, 8.73537722269084, 8.07408376223545
2018-11-26, 8.189194608920808, 8.81188895107143, 7.566500266770187
2018-11-23, 7.308147084415354, 7.581856320025348, 7.03443784880536
2018-11-21, 7.0225178757094415, 7.408100351940326, 6.636935399478558
2018-11-20, 6.9973776237155665, 7.720994548767035, 6.273760698664098
2018-11-19, 6.31089677819343, 6.98170737994292, 5.6400861764439405
2018-11-16, 5.81076142025087, 5.995339721645776, 5.626183118855963
2018-11-15, 5.8926278539011605, 6.1757245238118434, 5.609531183990478
2018-11-14, 5.599824220199977, 6.149304576057023, 5.05034386434293
2018-11-13, 5.1626410478784726, 5.238404373100616, 5.086877722656329
2018-11-12, 5.174905059463034, 5.25435576676366, 5.095454352162408
2018-11-09, 5.303068799315026, 5.371969247227926, 5.234168351402126
2018-11-08, 5.298377583604204, 5.362820472040816, 5.2339346951675925
2018-11-07, 5.215216184112574, 5.287541977207184, 5.142890391017964
2018-11-06, 5.134749477807635, 5.197934629311795, 5.0715643263034735
2018-11-05, 5.089404629309401, 5.142610808266129, 5.036198450352673
2018-11-02, 5.104722879335533, 5.193701618071065, 5.0157441406
2018-11-01, 5.073350944526375, 5.15402753992897, 4.992674349123781
2018-10-31, 5.052211872849318, 5.132461624055765, 4.971962121642872
2018-10-30, 4.93510868623584, 5.011364030872991, 4.85885334159869
2018-10-29, 4.919017521857906, 5.08903161833147, 4.749003425384344
2018-10-26, 4.8764290145841285, 4.948700002581983, 4.804158026586274
2018-10-25, 4.95058341590396, 5.0208578126, 4.880309019207921
2018-10-24, 4.967179278547121, 5.076455153439705, 4.857903403654538
2018-10-23, 5.037111651413953, 5.134011550851824, 4.940211751976082
2018-10-22, 5.087073766938539, 5.147466343657932, 5.026681190219145
2018-10-19, 5.16856328774135, 5.226235541006892, 5.110891034475807
2018-10-18, 5.149496657656982, 5.236604194752279, 5.062389120561685
2018-10-17, 5.189320646301556, 5.247403722167102, 5.131237570436009
2018-10-16, 5.19601224875201, 5.29049729160391, 5.101527205900109
2018-10-15, 5.150835283589069, 5.385627556662073, 4.916043010516066
2018-10-12, 5.331438400756866, 5.454359684186405, 5.208517117327328
2018-10-11, 5.2480351967540475, 5.499638254112367, 4.996432139395727
2018-10-10, 5.207461400136729, 5.357578709749191, 5.057344090524268
2018-10-09, 5.221076374278617, 5.278365702278811, 5.163787046278424
2018-10-08, 5.203698589001323, 5.284699415939746, 5.122697762062902
2018-10-05, 5.253653376079867, 5.3297849909392605, 5.177521761220473
2018-10-04, 5.257200006566874, 5.3441638070790605, 5.170236206054687
2018-10-03, 5.3723020419006815, 5.4448102115151515, 5.299793872286211
2018-10-02, 5.2955732665153645, 5.364912940096479, 5.22623359293425
2018-10-01, 5.301182507465677, 5.387463322385654, 5.214901692545701
2018-09-28, 5.171384480247168, 5.28696327166217, 5.055805688832167
2018-09-27, 5.255003042734442, 5.403224347765934, 5.10678173770295
2018-09-26, 5.369574862319789, 5.465305277126153, 5.273844447513425
2018-09-25, 5.397247074199919, 5.530687256194675, 5.263806892205164
2018-09-24, 5.2390635430990935, 5.33025067860571, 5.147876407592477
2018-09-21, 5.275326445701751, 5.439471063625724, 5.111181827777777
2018-09-20, 5.446916599417644, 5.55041377006237, 5.343419428772919
2018-09-19, 5.464634761249414, 5.6403261202046036, 5.288943402294224
2018-09-18, 5.441814038574047, 5.540492598736842, 5.343135478411252
2018-09-17, 5.357728446441624, 5.541393725834611, 5.174063167048637
2018-09-14, 5.26258499161289, 5.347568983984495, 5.177600999241284
2018-09-13, 5.298175657234406, 5.382935298868811, 5.2134160156
2018-09-12, 5.397895409017983, 5.481283166247379, 5.314507651788587
2018-09-11, 5.3543564534229775, 5.473499079052547, 5.235213827793408
2018-09-10, 5.3183850159577055, 5.413713292723493, 5.223056739191919
2018-09-07, 5.183975236775618, 5.295913905266995, 5.07203656828424
2018-09-06, 5.189862166710666, 5.402639748036717, 4.977084585384615
2018-09-05, 4.755221699788304, 5.030609795593926, 4.479833603982684
2018-09-04, 4.535765868993238, 4.6093205098125525, 4.462211228173923
2018-08-31, 4.805997008872067, 4.892646429410582, 4.7193475883335525
2018-08-30, 4.872465025741338, 4.9807612880268035, 4.7641687634558725
2018-08-29, 4.799124697031161, 4.91416703342723, 4.6840823606350925
2018-08-28, 4.7748690998308785, 4.891796126599014, 4.657942073062743
2018-08-27, 4.902679803967146, 5.0033724209213055, 4.801987187012987
2018-08-24, 4.998507695039014, 5.103952518078028, 4.893062872
2018-08-23, 5.103661262005165, 5.220366432286864, 4.986956091723466
2018-08-22, 5.063953618773523, 5.3154698545023615, 4.812437383044683
2018-08-21, 5.189253570529235, 5.290720954989015, 5.087786186069455
2018-08-20, 5.1722485030481495, 5.349603277777202, 4.994893728319097
2018-08-17, 5.024319890690203, 5.163176504963867, 4.885463276416539
2018-08-16, 5.0686607694294725, 5.202988390908758, 4.934333147950187
2018-08-15, 4.957220025227015, 5.158149417762089, 4.756290632691941
2018-08-14, 5.283632996224226, 5.465765991233898, 5.101500001214553
2018-08-13, 5.063518528607244, 5.233276417525773, 4.893760639688716
2018-08-10, 5.131579530959046, 5.375913111746032, 4.887245950172061
2018-08-09, 5.099725400349364, 5.304522353776887, 4.894928446921839
2018-08-08, 5.140911560379864, 5.381529674493791, 4.9002934462659375
2018-08-07, 4.800868324215845, 4.981101484866344, 4.620635163565345
2018-08-06, 4.708469380000839, 4.818862517429213, 4.598076242572464
2018-08-03, 4.439423237764407, 4.528190244297067, 4.350656231231747
2018-08-02, 4.334431852821141, 4.418148292442426, 4.250715413199856
2018-08-01, 4.379100592102409, 4.487125231892656, 4.271075952312161
2018-07-31, 4.206749591889256, 4.355467014714726, 4.058032169063787
2018-07-30, 4.126805677745718, 4.252443498054728, 4.001167857436709
2018-07-27, 4.1245779813538705, 4.281201320667245, 3.967954642040496
2018-07-26, 4.132257464372605, 4.253905275810474, 4.010609652934738
2018-07-25, 4.01552776793174, 4.148911525592943, 3.882144010270537
2018-07-24, 4.0843923135655205, 4.278485450696933, 3.8902991764341084
2018-07-23, 4.305222577842086, 4.439194552035398, 4.171250603648773
2018-07-20, 4.3907341248776595, 4.518495401130878, 4.2629728486244405
2018-07-19, 4.409804156937049, 4.50790767794323, 4.311700635930868
2018-07-18, 4.439636404050612, 4.5514936458598445, 4.327779162241379
2018-07-17, 4.677771708970214, 4.971401422326394, 4.384141995614035
2018-07-16, 5.047630521354059, 5.20713563544001, 4.888125407268109
2018-07-13, 5.276364370080747, 5.372684547145484, 5.180044193016011
2018-07-12, 5.240999346802457, 5.3659732998407845, 5.116025393764129
2018-07-11, 5.145747400107852, 5.208487198937111, 5.0830076012785925
2018-07-10, 5.063866755791016, 5.224152590046931, 4.903580921535101
2018-07-09, 4.856734877711203, 4.944460635372612, 4.769009120049794
2018-07-06, 4.918449376029386, 5.000048748473188, 4.836850003585585
2018-07-05, 4.87127297663806, 4.964395863750427, 4.778150089525692
2018-07-03, 4.854045109165824, 4.963316729778625, 4.744773488553023
2018-07-02, 4.892386913876847, 5.072876344020976, 4.711897483732718
2018-06-29, 5.31139362816757, 5.527544565376731, 5.0952426909584085
2018-06-28, 5.25336855177469, 5.432258157049063, 5.074478946500317
2018-06-27, 5.2381452278932805, 5.37199183367807, 5.104298622108492
2018-06-26, 5.197200345326472, 5.300915421304348, 5.093485269348596
2018-06-25, 5.1694485023309955, 5.31088249434475, 5.028014510317242
2018-06-22, 5.13703983477861, 5.465972764082595, 4.808106905474626
2018-06-21, 4.778556332903568, 4.869938617438654, 4.687174048368481
2018-06-20, 4.852260371961637, 4.941177361399678, 4.763343382523596
2018-06-19, 4.803955928679563, 4.896283406259453, 4.711628451099672
2018-06-18, 4.99528743688929, 5.164179825224511, 4.826395048554071
2018-06-15, 5.069011729723442, 5.203068387784679, 4.934955071662206
2018-06-14, 5.151790349632528, 5.3638958410088975, 4.939684858256159
2018-06-13, 5.283388240713551, 5.498182303845161, 5.068594177581939
2018-06-12, 5.055621059571876, 5.223520149305984, 4.887721969837767
2018-06-11, 4.996183540137376, 5.089778514711628, 4.902588565563124
2018-06-08, 4.43134432051433, 4.490288427844237, 4.372400213184423
2018-06-07, 4.392226422933561, 4.430736501749474, 4.353716344117647
2018-06-06, 4.40013329724265, 4.478228284303337, 4.322038310181965
2018-06-05, 4.395629614291373, 4.47142741620162, 4.319831812381126
2018-06-04, 4.34133147136855, 4.4312127037856985, 4.2514502389514
2018-06-01, 4.358944800876532, 4.445301155213324, 4.272588446539742
2018-05-31, 4.346597093950018, 4.443351620453922, 4.249842567446113
2018-05-30, 4.3901992446336315, 4.489330095583052, 4.29106839368421
2018-05-29, 4.4381547742979635, 4.624778888559318, 4.25153066003661
2018-05-25, 4.3970287985691625, 4.493022827444407, 4.301034769693918
2018-05-24, 4.413483171092304, 4.577242613169065, 4.249723729015544
2018-05-23, 4.276704702348788, 4.43662405311943, 4.116785351578146
2018-05-22, 4.081635518251131, 4.21777815370118, 3.945492882801083
2018-05-21, 3.9546107955942267, 4.0307093745983185, 3.878512216590135
2018-05-18, 4.101906346707929, 4.204171205084041, 3.9996414883318168
2018-05-17, 4.064625718274781, 4.183563552059825, 3.9456878844897383
2018-05-16, 4.0096206711046145, 4.109702152518977, 3.909539189690251
2018-05-15, 3.8607659419801594, 3.962547700930042, 3.758984183030277
2018-05-14, 3.925731028568568, 4.07296364817057, 3.7784984089665654
2018-05-11, 3.8630034257008656, 4.031346414873509, 3.6946604365282223
2018-05-10, 3.6229540181385795, 3.7145718890916335, 3.531336147185525
2018-05-09, 3.603845793144548, 3.6952702290523782, 3.5124213572367182
2018-05-08, 3.5484572231791325, 3.6338593579655907, 3.4630550883926743
2018-05-07, 3.5000460367336625, 3.594279155942073, 3.4058129175252523
2018-05-04, 3.3758886436427997, 3.4593949677210234, 3.292382319564576
2018-05-03, 3.4027476008422415, 3.549364102036922, 3.2561310996475603
2018-05-02, 3.5748018092250544, 3.655334320411094, 3.494269298039015
2018-05-01, 3.6298001056021962, 3.721763663509808, 3.5378365476945843
2018-04-30, 3.6067923812957527, 3.683551150027591, 3.530033612563915
2018-04-27, 3.6506740430688325, 3.7562595676799266, 3.545088518457738
2018-04-26, 3.7602357737304954, 3.9137868384923817, 3.6066847089686096
2018-04-25, 3.6332567944789576, 3.863352561399017, 3.4031610275588977
2018-04-24, 3.6116216018068403, 3.8191388508993955, 3.4041043527142856
2018-04-23, 3.8186914236590113, 3.8916435832083005, 3.7457392641097216
2018-04-20, 3.9867091448335428, 4.195730546558739, 3.777687743108346
2018-04-19, 4.233995022790883, 4.317782121883173, 4.150207923698593
2018-04-18, 4.368663902449196, 4.482399682130538, 4.254928122767853
2018-04-17, 4.4131752565168565, 4.514887523247366, 4.311462989786347
2018-04-16, 4.329301117413845, 4.526916068437535, 4.131686166390154
2018-04-13, 4.359456427572022, 4.538957642385423, 4.179955212758621
2018-04-12, 4.6902753785260725, 5.116898070560916, 4.263652686491228
2018-04-11, 4.967128291596813, 5.052265299508595, 4.881991283685032
2018-04-10, 5.0701221407693104, 5.1815448247651945, 4.958699456773426
2018-04-09, 4.925826052274173, 5.163809255932203, 4.6878428486161425
2018-04-06, 5.044061808193041, 5.253794584384225, 4.834329032001857
2018-04-05, 5.064658257458257, 5.232255053486504, 4.8970614614300105
2018-04-04, 4.736447273499232, 5.073139165223199, 4.399755381775265
2018-04-03, 4.584066468131544, 4.777719192663832, 4.390413743599257
2018-04-02, 4.779379835107829, 4.973518082033626, 4.585241588182031
2018-03-29, 4.580866017768924, 4.956791352326589, 4.204940683211259
2018-03-28, 4.249602853500319, 4.379644956653414, 4.1195607503472225
2018-03-27, 4.285099346509705, 4.4715969824400945, 4.098601710579315
2018-03-26, 4.140801459232771, 4.379999020513368, 3.901603897952174
2018-03-23, 3.89985146411086, 4.08658320699323, 3.71311972122849
2018-03-22, 3.8714484635208244, 4.051495194736329, 3.69140173230532
2018-03-21, 3.859517089784019, 3.972582213149561, 3.746451966418477
2018-03-20, 3.9776924299676577, 4.162978609935315, 3.79240625
2018-03-19, 4.107160253793578, 4.289944415282277, 3.9243760923048776
2018-03-16, 4.177234052321893, 4.353217391304348, 4.001250713339439
2018-03-15, 4.296551578400781, 4.535186916965496, 4.057916239836065
2018-03-14, 4.044477079646986, 4.4301117731469155, 3.658842386147058
2018-03-13, 3.785463490681957, 3.9404042501222816, 3.630522731241632
2018-03-12, 3.7502849964971468, 3.998961396713357, 3.5016085962809362
2018-03-09, 3.895624253546016, 4.146698867103109, 3.644549639988923
2018-03-08, 3.5593099105206827, 3.7683812943946617, 3.350238526646703
2018-03-07, 3.3721134986415318, 3.6385157136121777, 3.105711283670886
2018-03-06, 3.1126423385929236, 3.271499840843946, 2.953784836341901
2018-03-05, 2.94823389107676, 3.0175691407888645, 2.878898641364656
2018-03-02, 3.047949171069912, 3.1232487856235713, 2.9726495565162527
2018-03-01, 3.2058111944083105, 3.363917772352012, 3.047704616464609
2018-02-28, 3.259493734298951, 3.3900076997098574, 3.1289797688880445
2018-02-27, 3.3900635287697627, 3.5227129449754235, 3.2574141125641023
2018-02-26, 3.6057719993563855, 3.830528472182941, 3.38101552652983
2018-02-23, 3.4911645964746247, 3.6628645160730207, 3.3194646768762293
2018-02-22, 3.3465688608140116, 3.573250633567651, 3.119887088060372
2018-02-21, 3.2378620606391078, 3.435951894751156, 3.0397722265270595
2018-02-20, 3.0529478299056407, 3.185603462297571, 2.92029219751371
2018-02-16, 3.546330491418155, 3.6769692861314964, 3.415691696704813
2018-02-15, 3.5475452497184428, 3.7350195419093923, 3.360070957527493
2018-02-14, 3.786337435706262, 4.007728828823034, 3.5649460425894897
2018-02-13, 3.899557755090367, 4.042034079873041, 3.7570814303076925
2018-02-12, 3.951087311724411, 4.181206414349558, 3.7209682090992646
2018-02-09, 4.012976818779108, 4.353292915361061, 3.6726607221971546
2018-02-08, 4.185987662457386, 4.556098449874772, 3.81587687504
2018-02-07, 4.395943184176968, 4.843758378159967, 3.94812799019397
2018-02-06, 5.036275665219765, 5.954606976894066, 4.1179443535454645
2018-02-05, 4.78770487439001, 5.583139203019034, 3.9922705457609866
2018-02-02, 4.444930007343672, 4.990643485129631, 3.899216529557713
2018-02-01, 4.04253757792755, 4.496871661367521, 3.5882034944875785
2018-01-31, 3.7029050530543803, 3.8590462573681212, 3.5467638487406394
2018-01-30, 3.517415590909219, 3.7861557655371305, 3.2486754162813076
2018-01-29, 3.2938402111994707, 3.40244643463606, 3.185233987762882
2018-01-26, 3.421701321823104, 3.6207990327925494, 3.2226036108536587
2018-01-25, 3.320651793164578, 3.434593027029413, 3.2067105592997427
2018-01-24, 3.3432174476153813, 3.4880153700881893, 3.1984195251425738
2018-01-23, 3.39912959532867, 3.6201640624827585, 3.1780951281745815
2018-01-22, 3.3087134858723877, 3.6158888703601786, 3.0015381013845968
2018-01-19, 3.0994106393411958, 3.233926412625249, 2.9648948660571426
2018-01-18, 3.135015163497724, 3.33274969059816, 2.9372806363972876
2018-01-17, 3.447775674323703, 3.989369378872125, 2.906181969775281
2018-01-16, 3.0800430509406036, 3.5980853987586205, 2.562000703122586
2018-01-12, 2.5650109413470945, 2.6876177635977037, 2.4424041190964854
2018-01-11, 2.4934735662363696, 2.6656528758873637, 2.3212942565853756
2018-01-10, 2.4056082796696003, 2.499190372110502, 2.3120261872286982
2018-01-09, 2.2912405782842966, 2.3815067745281415, 2.2009743820404517
2018-01-08, 2.2557355792758926, 2.4385347046242773, 2.072936453927508
2018-01-05, 2.131660348115962, 2.2895715988492316, 1.9737490973826928
2018-01-04, 2.2596500762081995, 2.3567011518810177, 2.1625990005353812
2018-01-03, 2.2233072917049004, 2.284481188095234, 2.162133395314567
2018-01-02, 2.3836452578272307, 2.5842912224776744, 2.182999293176787
2017-12-29, 2.276157152586646, 2.3662235952020336, 2.186090709971258
2017-12-28, 2.2831521378285644, 2.4448061485236217, 2.121498127133507
2017-12-27, 2.11553351266266, 2.2523743548716832, 1.9786926704536363
2017-12-26, 2.1616238838270347, 2.306233896470396, 2.0170138711836736
2017-12-22, 2.674017736551921, 3.3045533854666664, 2.0434820876371758
2017-12-21, 2.041181799870986, 2.1989970954834166, 1.8833665042585552
2017-12-20, 2.77518657091, 3.727869645819646, 1.822503496000354
2017-12-19, 1.7858876394938192, 1.9018023324335844, 1.669972946554054
2017-12-18, 1.7023928184869275, 1.7767352555531748, 1.6280503814206801
2017-12-15, 1.873219708565125, 1.951823791683137, 1.7946156254471128
2017-12-14, 1.9680119193168801, 2.0507422881722217, 1.8852815504615386
2017-12-13, 1.9576952257636788, 2.0726005823880347, 1.842789869139323
2017-12-12, 1.8874450823514919, 1.964236084851132, 1.8106540798518518
2017-12-11, 1.986185573500495, 2.1012868658159185, 1.8710842811850712
2017-12-08, 2.078074977213947, 2.3674017422162197, 1.788748212211674
2017-12-07, 2.0305839427471337, 2.4102838014583168, 1.6508840840359504
2017-12-06, 2.449445928322759, 2.7093180016258582, 2.18957385501966
2017-12-05, 2.733664387447303, 2.7774313030683246, 2.689897471826281
2017-12-04, 2.8476609628570335, 2.9516408882338787, 2.7436810374801888
2017-12-01, 3.127148243290475, 3.373701581288639, 2.880594905292311
2017-11-30, 3.2263595871391795, 3.5256739760789197, 2.927045198199439
2017-11-29, 3.248899669388394, 3.74738372843395, 2.7504156103428374
2017-11-28, 3.1796031073358666, 3.2492611556387523, 3.109945059032981
2017-11-27, 3.2505897713159193, 3.325813788407237, 3.175365754224602
2017-11-24, 3.807166975204348, 3.9326722583655513, 3.681661692043145
2017-11-22, 3.788590922801239, 3.8634584118520268, 3.713723433750452
2017-11-21, 3.8345835234923022, 3.984660627988352, 3.6845064189962526
2017-11-20, 3.771639641258367, 3.85170457454844, 3.6915747079682935
2017-11-17, 3.9632485087232867, 4.09763668062635, 3.8288603368202243
2017-11-16, 4.0810635621198985, 4.299449021412884, 3.862678102826913
2017-11-15, 4.377440164088933, 4.604389256749294, 4.150491071428571
2017-11-14, 4.598087974655987, 4.7119831915557295, 4.484192757756244
2017-11-13, 4.815897293179956, 5.211645102159591, 4.420149484200321
2017-11-10, 4.519469652448155, 4.8616173921786086, 4.1773219127177015
2017-11-09, 4.187692360521996, 4.32277921065257, 4.052605510391421
2017-11-08, 4.128098083763005, 4.382784904257297, 3.8734112632687125
2017-11-07, 4.329722545914205, 4.430467455131466, 4.228977636696944
2017-11-06, 4.280868503105986, 4.459850582290645, 4.101886423921327
2017-11-03, 4.226451014707404, 4.377033046821145, 4.075868982593662
2017-11-02, 4.359103652585068, 4.61400529393195, 4.104202011238186
2017-11-01, 4.691863053695068, 4.858699910543289, 4.525026196846845
2017-10-31, 4.899603913265634, 5.030907963443388, 4.768299863087879
2017-10-30, 4.989011301439289, 5.074716901030159, 4.903305701848419
2017-10-27, 5.215240829616233, 5.353707712275943, 5.076773946956522
2017-10-26, 5.261894210240242, 5.408571201582467, 5.1152172188980165
2017-10-25, 5.478956480375482, 5.673413788048133, 5.28449917270283
2017-10-24, 5.380908100505861, 5.591619683434601, 5.170196517577121
2017-10-23, 5.228888000768221, 5.409194453163338, 5.048581548373102
2017-10-20, 5.19480637512954, 5.393826696261358, 4.995786053997722
2017-10-19, 5.3614820363230065, 5.483720908555104, 5.239243164090909
2017-10-18, 5.695326038334936, 6.009125270143065, 5.381526806526806
2017-10-17, 5.33614876191797, 5.449466765932243, 5.222830757903696
2017-10-16, 5.318042002350094, 5.43522250705439, 5.200861497645796
2017-10-13, 5.360034912017786, 5.58910599456836, 5.1309638294672135
2017-10-12, 5.901905495934692, 6.267993490383615, 5.535817501485767
2017-10-11, 6.245026103568335, 6.353580729166667, 6.136471477970003
2017-10-10, 6.16986483747076, 6.347363823888888, 5.992365851052631
2017-10-09, 6.267026774082964, 6.486651459707632, 6.047402088458296
2017-10-06, 6.739460962485137, 6.838939916516517, 6.6399820084537575
2017-10-05, 6.935618141824859, 7.162140451229483, 6.7090958324202346
2017-10-04, 6.972975856056031, 7.146190626387991, 6.7997610857240725
2017-10-03, 6.832747471302891, 7.001555220175176, 6.663939722430607
2017-10-02, 6.685551751573119, 6.809330747266081, 6.561772755880157
2017-09-29, 7.184645110079245, 7.372989673498131, 6.996300546660359
2017-09-28, 7.048473476375758, 7.22240899207606, 6.874537960675457
2017-09-27, 7.290992636186806, 7.634744608333305, 6.947240664040307
2017-09-26, 7.508084237324634, 7.626781319127174, 7.389387155522094
2017-09-25, 7.758530559896957, 8.108221714992313, 7.408839404801601
2017-09-22, 8.224530329290468, 8.48492491643808, 7.964135742142857
2017-09-21, 8.022233287605676, 8.465974785041858, 7.578491790169492
2017-09-20, 7.634672556274907, 7.846928297698779, 7.422416814851035
2017-09-19, 7.574323296889307, 7.881176777541508, 7.267469816237106
2017-09-18, 7.666600505238955, 8.10027289101621, 7.232928119461701
2017-09-15, 8.53806042114444, 10.134083488851381, 6.942037353437501
2017-09-14, 8.301426827662516, 9.19604095129291, 7.406812704032123
2017-09-13, 7.423711812508195, 7.851941774627924, 6.995481850388466
2017-09-12, 6.906904172622015, 7.200669596546474, 6.6131387486975575
2017-09-11, 6.8067719787441465, 7.0087882156208225, 6.60475574186747
2017-09-08, 6.508297323815877, 6.963358118105292, 6.053236529526462
2017-09-07, 6.1775997242625955, 6.305919124386724, 6.049280324138468
2017-09-06, 6.2040682189434975, 6.398001831326995, 6.010134606559999
2017-09-05, 6.417776510535659, 6.638449564221989, 6.197103456849329
2017-09-01, 5.859370904235662, 6.009000480687959, 5.709741327783364
2017-08-31, 6.0281221387594774, 6.162601788312063, 5.893642489206892
2017-08-30, 6.1483748295673735, 6.253998175249141, 6.042751483885605
2017-08-29, 6.236412512758145, 6.479986465882604, 5.992838559633687
2017-08-28, 6.505947364733858, 6.655085567728993, 6.356809161738724
2017-08-25, 6.420609962647397, 6.576681219397237, 6.264538705897558
2017-08-24, 6.5597571946026445, 6.751534098626855, 6.367980290578435
2017-08-23, 6.685839972090331, 6.8584073506257255, 6.513272593554938
2017-08-22, 7.283138244597833, 7.887136046503256, 6.67914044269241
2017-08-21, 6.914895313131769, 7.085101253665905, 6.744689372597632
2017-08-18, 6.694029580433125, 7.025512199753065, 6.3625469611131855
2017-08-17, 6.464475782986163, 6.712016508977448, 6.2169350569948785
2017-08-16, 6.804238490496702, 7.18807210232543, 6.4204048786679735
2017-08-15, 6.9383134836652545, 7.496894256634941, 6.379732710695567
2017-08-14, 6.835245308911385, 7.137513928363046, 6.532976689459724
2017-08-11, 7.942802089386998, 8.306608882435675, 7.578995296338319
2017-08-10, 8.36516954904755, 8.57483775850437, 8.15550133959073
2017-08-09, 8.549194519595897, 8.822734617446121, 8.275654421745672
2017-08-08, 8.389624309604713, 8.594422071656643, 8.184826547552785
2017-08-07, 8.69216511917194, 9.019947396298425, 8.364382842045455
2017-08-04, 10.186257871379151, 10.421923610744207, 9.950592132014096
2017-08-03, 10.4931619199041, 10.728412655671328, 10.257911184136875
2017-08-02, 10.60921419599557, 10.930279658839519, 10.28814873315162
2017-08-01, 10.377206636489547, 10.898645999296253, 9.85576727368284
2017-07-31, 10.26679231539897, 10.654326765291746, 9.879257865506194
2017-07-28, 10.499401612898627, 11.003113192947103, 9.99569003285015
2017-07-27, 10.897752175768346, 11.269261554646828, 10.526242796889864
2017-07-26, 11.207623769304528, 11.708507926225094, 10.706739612383961
2017-07-25, 10.810916047624996, 11.579587560982125, 10.04224453426787
2017-07-24, 10.094204637929666, 10.274545881663906, 9.913863394195426
2017-07-21, 10.228495999807738, 10.781587820125528, 9.675404179489949
2017-07-20, 10.953445130405925, 12.392609802227728, 9.514280458584121
2017-07-19, 12.1574100417836, 12.648086780168207, 11.66673330339899
2017-07-18, 12.396883195402108, 13.110635769242446, 11.683130621561768
2017-07-17, 13.65693495510762, 14.780367190463846, 12.533502719751391
2017-07-14, 12.428480541900669, 13.097614624436686, 11.759346459364652
2017-07-13, 11.748831779416296, 12.086905749606325, 11.410757809226265
2017-07-12, 11.830048781113671, 12.28967321541449, 11.37042434681285
2017-07-11, 11.747752602259586, 12.202497874967987, 11.293007329551186
2017-07-10, 11.525041895076159, 12.213136955370414, 10.836946834781903
2017-07-07, 10.834189630453922, 11.19607685309533, 10.472302407812515
2017-07-06, 10.573394828182185, 10.705790485062513, 10.440999171301856
2017-07-05, 10.694605362487223, 10.927297908070974, 10.461912816903473
2017-07-03, 11.044944239063891, 11.401141026183327, 10.688747451944458
2017-06-30, 11.034719842186625, 11.315436851277772, 10.754002833095477
2017-06-29, 10.793327600882847, 11.079110499883988, 10.507544701881704
2017-06-28, 10.802531903188704, 11.099785019585957, 10.50527878679145
2017-06-27, 11.300087226479558, 12.08874583276951, 10.511428620189605
2017-06-26, 11.275129952231016, 12.021358825041922, 10.528901079420107
2017-06-23, 10.015599636695246, 10.222513928562906, 9.808685344827586
2017-06-22, 10.1433043128653, 10.410910790602436, 9.875697835128163
2017-06-21, 10.17414853731196, 10.584472978656345, 9.763824095967573
2017-06-20, 10.192600618083535, 10.623670154606627, 9.761531081560445
2017-06-19, 10.777231341445184, 11.047816367750974, 10.506646315139395
2017-06-16, 11.272216827725513, 11.821911858166379, 10.722521797284648
2017-06-15, 11.934089359080016, 13.30217225736164, 10.566006460798393
2017-06-14, 10.591017434951214, 11.63872181882481, 9.543313051077618
2017-06-13, 9.923468694910493, 10.254808044628824, 9.592129345192163
2017-06-12, 9.998342369628904, 11.04064015338633, 8.95604458587148
2017-06-09, 9.642916473556308, 9.885142885180185, 9.400690061932433
2017-06-08, 10.018670743161554, 10.480303903189084, 9.557037583134024
2017-06-07, 9.961281251045289, 10.525295094946925, 9.397267407143651
2017-06-06, 9.730216892611324, 10.23364402543376, 9.226789759788886
2017-06-05, 10.445030682363164, 10.814435012738207, 10.07562635198812
2017-06-02, 11.129441016123689, 11.421320330719933, 10.837561701527445
2017-06-01, 11.226599319772712, 11.709685821565044, 10.74351281798038
2017-05-31, 11.781957150629854, 12.41541346123224, 11.148500840027468
2017-05-30, 12.048783655623058, 12.740965595020626, 11.356601716225493
2017-05-26, 11.695513297564359, 13.28890868672232, 10.102117908406399
2017-05-25, 10.86438666042574, 12.091128980585305, 9.637644340266174
2017-05-24, 11.436658898143971, 11.958985564107378, 10.914332232180563
2017-05-23, 12.390046697373991, 12.932349860873751, 11.847743533874231
2017-05-22, 12.67965860717538, 13.624303625241845, 11.735013589108913
2017-05-19, 13.94139804168791, 14.362239095316136, 13.520556988059683
2017-05-18, 14.486099032714694, 14.932956795620646, 14.039241269808741
2017-05-17, 14.836262001118666, 15.328066119117647, 14.344457883119684
2017-05-16, 15.555948450463381, 15.980860600834239, 15.131036300092523
2017-05-15, 13.17956523123335, 15.8973150329667, 10.4618154295
2017-05-12, 15.391714812533792, 16.340702819531252, 14.442726805536333
2017-05-11, 14.719113375966666, 15.270907043332361, 14.16731970860097
2017-05-10, 15.459238545034502, 15.951300586302871, 14.967176503766135
2017-05-09, 15.6421129153173, 16.26055518909105, 15.02367064154355
2017-05-08, 16.344104348205963, 16.9254790463766, 15.762729650035327
2017-05-05, 17.108404770902084, 17.727225468983384, 16.48958407282078
2017-05-04, 17.134019677609096, 18.173213969213187, 16.094825386005002
2017-05-03, 18.024161517032354, 18.579513145702112, 17.468809888362596
2017-05-02, 18.414271382803825, 18.901761972694644, 17.92678079291301
2017-05-01, 18.972763114833263, 19.65372679071685, 18.291799438949674
2017-04-28, 20.279265791567326, 20.954651416761514, 19.60388016637314
2017-04-27, 20.44123147574451, 21.0390424680996, 19.843420483389416
2017-04-26, 20.657279748586333, 21.048168369161303, 20.266391128011367
2017-04-25, 21.11252374853925, 21.466168510729528, 20.75887898634897
2017-04-24, 21.270775512751115, 21.516888007078396, 21.02466301842383
2017-04-21, 21.030847590645415, 21.273647656959934, 20.7880475243309
2017-04-20, 21.38179539823274, 21.774462806750897, 20.98912798971458
2017-04-19, 21.763666099447306, 22.088939187039067, 21.438393011855545
2017-04-18, 21.642919068624344, 21.980728711360555, 21.305109425888134
2017-04-17, 21.728309975850813, 21.990211073711123, 21.466408877990506
2017-04-13, 21.738731171765608, 22.546783560490045, 20.930678783041166
2017-04-12, 21.123882669493987, 21.396775395698366, 20.85098994328961
2017-04-11, 21.053115389601466, 21.448029916118184, 20.658200863084748
2017-04-10, 21.143922361226476, 21.398711021965553, 20.8891337004874
2017-04-07, 21.520935181994883, 21.88787892641406, 21.153991437575705
2017-04-06, 22.02223077194484, 22.794801830487618, 21.249659713402064
2017-04-05, 22.800638341956102, 23.236992290491607, 22.364284393420597
2017-04-04, 22.43007872437728, 22.899909360723015, 21.96024808803155
2017-04-03, 22.557732360446792, 23.262889088251825, 21.85257563264176
2017-03-31, 24.320750065532437, 25.12042214975816, 23.52107798130671
2017-03-30, 24.825791713456248, 25.373849883851722, 24.27773354306077
2017-03-29, 24.815931698427974, 25.478512618094474, 24.153350778761478
2017-03-28, 24.75836289941702, 25.43747163133618, 24.079254167497858
2017-03-27, 25.530399839081852, 26.732911920288913, 24.32788775787479
2017-03-24, 26.4395470572221, 28.012127954895757, 24.86696615954844
2017-03-23, 24.932628442925463, 25.545972193164896, 24.319284692686033
2017-03-22, 24.535848933685138, 26.106427393422347, 22.96527047394793
2017-03-21, 23.84951376306814, 24.774395188081847, 22.924632338054433
2017-03-20, 25.218454857107606, 25.92950643923927, 24.507403274975943
2017-03-17, 22.807589356061623, 24.38545017376245, 21.229728538360796
2017-03-16, 21.641934239251576, 23.17637057168083, 20.107497906822317
2017-03-15, 20.405742670036894, 20.657282819300836, 20.154202520772948
2017-03-14, 20.298983273179324, 20.660780742734975, 19.93718580362367
2017-03-13, 20.66310738763527, 21.05597591841663, 20.270238856853915
2017-03-10, 218.75691028148657, 418.80578126, 18.708039302973145
2017-03-09, 21.54390378212011, 22.373412026718906, 20.714395537521312
2017-03-08, 21.32572112074601, 22.31392788996102, 20.337514351531006
2017-03-07, 20.661418000292734, 21.48620805635246, 19.836627944233012
2017-03-06, 20.0581771996701, 20.246422929911727, 19.869931469428476
2017-03-03, 20.134044947448025, 20.49899252525843, 19.769097369637617
2017-03-02, 20.50124740070948, 21.219381590760733, 19.783113210658225
2017-03-01, 20.11283785545737, 22.019044492406906, 18.206631218507837
2017-02-28, 21.637740809217316, 21.96404206432847, 21.311439554106162
2017-02-27, 21.735572106241392, 21.99785846098662, 21.473285751496167
2017-02-24, 22.41323648201461, 23.561756420092564, 21.264716543936657
2017-02-23, 22.290811993762013, 22.95433432350868, 21.627289664015347
2017-02-22, 22.995685483708193, 23.449167092435456, 22.542203874980935
2017-02-21, 23.278276278551644, 23.89313699252967, 22.663415564573622
2017-02-17, 24.377056842921277, 24.83030433542018, 23.92380935042237
2017-02-16, 24.93082391493372, 25.30357015655457, 24.558077673312862
2017-02-15, 25.306165524447017, 25.57289632041074, 25.039434728483297
2017-02-14, 25.365003795393072, 25.822893249710347, 24.907114341075797
2017-02-13, 25.374037015419294, 25.868415318712742, 24.879658712125845
2017-02-10, 25.589111361946074, 26.232535007366437, 24.945687716525708
2017-02-09, 25.11637787501553, 26.941453280622927, 23.29130246940813
2017-02-08, 23.88287864549551, 24.435963394053044, 23.32979389693798
2017-02-07, 24.017732007215052, 24.557832184762347, 23.47763182966776
2017-02-06, 24.448037770135905, 24.676665748529462, 24.219409791742343
2017-02-03, 24.86471511973903, 25.348043458339117, 24.381386781138943
2017-02-02, 25.123940262908448, 25.70445250106442, 24.543428024752473
2017-02-01, 25.619078142961186, 25.982057030396085, 25.256099255526287
2017-01-31, 26.18269477884118, 26.922994677083615, 25.442394880598744
2017-01-30, 27.131284829966418, 27.48126279963228, 26.781306860300557
2017-01-27, 27.42922458405466, 27.640940286632954, 27.21750888147636
2017-01-26, 27.821392617992306, 28.296866102386005, 27.345919133598606
2017-01-25, 27.955066267663934, 28.297260737233685, 27.612871798094183
2017-01-24, 27.47772577039038, 28.188439097935596, 26.76701244284516
2017-01-23, 26.577517297103427, 27.02361260167586, 26.13142199253099
2017-01-20, 27.204594553838323, 27.546106210524854, 26.86308289715179
2017-01-19, 27.022525084261357, 27.442814896591823, 26.60223527193089
2017-01-18, 27.5699772191709, 28.490838736978226, 26.649115701363574
2017-01-17, 27.51897275753017, 28.61973750089963, 26.41820801416071
2017-01-13, 30.012992988700486, 31.054708780039846, 28.971277197361125
2017-01-12, 30.737505751638984, 32.94042918794731, 28.534582315330656
2017-01-11, 28.873725836197888, 31.697803469180474, 26.049648203215302
2017-01-10, 26.537872546193594, 26.912708706088598, 26.16303638629859
2017-01-09, 26.915488180173654, 27.448841554956097, 26.382134805391207
2017-01-06, 26.115062036613352, 28.43684182994455, 23.79328224328215
2017-01-05, 24.438507941583914, 28.02320626106257, 20.853809622105263
2017-01-04, 22.512928233378965, 23.840752903017705, 21.18510356374022
2017-01-03, 23.822772876371257, 24.30312806645458, 23.342417686287934
2016-12-30, 25.540693794769474, 26.415475724835343, 24.665911864703602
2016-12-29, 25.1265063541587, 25.693360889515045, 24.559651818802358
2016-12-28, 25.567217495500266, 26.350916395215425, 24.783518595785107
2016-12-27, 26.12455945952239, 27.293173010408985, 24.955945908635798
2016-12-23, 27.364048918108605, 28.39056369242601, 26.3375341437912
2016-12-22, 28.66820676205466, 29.426102090283724, 27.91031143382559
2016-12-21, 30.15560554645539, 30.89351657315094, 29.417694519759845
2016-12-20, 30.981374274801194, 31.20142188417109, 30.761326665431298
2016-12-19, 31.13561213462183, 31.50052079234541, 30.77070347689825
2016-12-16, 31.579780279351887, 31.87197235962246, 31.28758819908131
2016-12-15, 31.897155140668595, 32.36743845392602, 31.42687182741117
2016-12-14, 32.15002830411561, 32.51861512703583, 31.781441481195387
2016-12-13, 32.13036608954973, 32.505905351470226, 31.754826827629238
2016-12-12, 31.933303299365242, 32.26921110767477, 31.597395491055714
2016-12-09, 32.07963980159055, 32.444521460827296, 31.714758142353812
2016-12-08, 32.06053377694458, 32.496026940427996, 31.625040613461163
2016-12-07, 32.06277111732115, 32.82495287661117, 31.300589358031118
2016-12-06, 32.23489268610852, 32.61996345140689, 31.84982192081016
2016-12-05, 32.0851934741064, 32.74249101209486, 31.427895936117935
2016-12-02, 31.438189188834794, 31.98557131550446, 30.89080706216513
2016-12-01, 32.05584150765831, 32.414975337404684, 31.696707677911927
2016-11-30, 32.327864055262594, 32.840164434081515, 31.815563676443674
2016-11-29, 32.41635830586833, 33.14473751904432, 31.687979092692334
2016-11-28, 32.4316450418819, 33.13490426419667, 31.728385819567134
2016-11-25, 32.09161708414517, 32.57111379908505, 31.612120369205297
2016-11-23, 31.88096729440865, 32.646924584723294, 31.115010004094
2016-11-22, 31.85816567181623, 32.763699597419354, 30.95263174621311
2016-11-21, 31.716934488941803, 32.35569318953601, 31.078175788347597
2016-11-18, 31.1440391045544, 31.790625760911585, 30.497452448197212
2016-11-17, 31.379662157354606, 31.9865131928934, 30.77281112181581
2016-11-16, 32.11991843305785, 33.17401075225431, 31.065826113861387
2016-11-15, 32.64020119583475, 33.39437423418972, 31.886028157479785
2016-11-14, 33.41165248305522, 33.94415701147365, 32.8791479546368
2016-11-11, 32.67195292352382, 33.13321143755821, 32.21069440948943
2016-11-10, 32.453574992639986, 33.16171795340338, 31.74543203187659
2016-11-09, 31.3351373154468, 32.31462131718474, 30.355653313708864
2016-11-08, 31.972011941283043, 32.6325216805292, 31.311502202036884
2016-11-07, 31.860833027436104, 32.57290263960477, 31.14876341526744
2016-11-04, 31.977048992475737, 32.71152614483687, 31.242571840114607
2016-11-03, 31.468075689939106, 33.63900791705586, 29.29714346282236
2016-11-02, 29.97785114066626, 30.554822438404877, 29.400879842927647
2016-11-01, 30.696899429997757, 31.759111307963796, 29.634687552031714
2016-10-31, 31.506606311842084, 32.17102485809772, 30.842187765586456
2016-10-28, 32.05611324669342, 32.4333562150255, 31.67887027836134
2016-10-27, 32.405754199327326, 32.9266166732809, 31.88489172537376
2016-10-26, 33.196038083272555, 34.12240903953745, 32.269667127007665
2016-10-25, 33.768323512185006, 34.53295746819627, 33.00368955617375
2016-10-24, 34.131833472002675, 34.481205779245286, 33.782461164760065
2016-10-21, 34.839774396899045, 35.1800944254042, 34.49945436839389
2016-10-20, 35.400526587829276, 35.89718272321341, 34.90387045244513
2016-10-19, 35.37226134027571, 36.08294958682587, 34.66157309372555
2016-10-18, 34.852457635870394, 35.53064718691516, 34.174268084825634
2016-10-17, 34.25733333074057, 34.57374418830427, 33.940922473176876
2016-10-14, 34.91087987925005, 35.45639938450188, 34.36536037399822
2016-10-13, 34.5617076929519, 35.10771581015427, 34.01569957574954
2016-10-12, 34.74497165517108, 35.44024960165183, 34.04969370869033
2016-10-11, 35.25847384856596, 36.53842946246857, 33.978518234663355
2016-10-10, 36.81687975140745, 37.246884489878546, 36.38687501293635
2016-10-07, 36.90369897239673, 37.725191962686104, 36.08220598210736
2016-10-06, 37.78718674493052, 38.38413084478959, 37.19024264507146
2016-10-05, 37.74751641625272, 38.03592705278897, 37.45910577971647
2016-10-04, 38.08676703622868, 38.591051776382336, 37.582482296075014
2016-10-03, 38.37301021253207, 38.879130486845185, 37.86688993821896
2016-09-30, 38.88300955484635, 39.237908281356795, 38.52811082833591
2016-09-29, 38.91317969853992, 39.46247495541565, 38.3638844416642
2016-09-28, 39.263711414027966, 39.819151042683856, 38.708271785372084
2016-09-27, 38.8591401245716, 39.47298850532422, 38.24529174381899
2016-09-26, 38.88432891699719, 39.57629424313521, 38.192363590859166
2016-09-23, 39.530375689745604, 40.11293861226271, 38.9478127672285
2016-09-22, 40.171888866108404, 40.6833095016538, 39.660468230563005
2016-09-21, 39.39728393339445, 40.060021199124726, 38.73454666766416
2016-09-20, 38.637024263837716, 38.93704806032641, 38.337000467349014
2016-09-19, 38.44040937518874, 39.186177651604595, 37.69464109877289
2016-09-16, 39.033107560733384, 39.60177156583553, 38.46444355563124
2016-09-15, 39.24486859446746, 39.67328835242712, 38.8164488365078
2016-09-14, 38.9102724562881, 39.33617860097455, 38.48436631160165
2016-09-13, 39.30311585924167, 39.83203976881134, 38.77419194967201
2016-09-12, 39.725805984466646, 40.58334870349493, 38.86826326543836
2016-09-09, 38.74185103997321, 39.51936852480138, 37.964333555145046
2016-09-08, 39.54610180027512, 40.41016733775876, 38.68203626279148
2016-09-07, 40.36588660607052, 41.07443081099047, 39.657342401150565
2016-09-06, 40.22041294981079, 41.042319999557535, 39.39850590006406
2016-09-02, 42.651569766691864, 43.02229385454123, 42.280845678842496
2016-09-01, 42.22905920771543, 42.819755073069864, 41.638363342361
2016-08-31, 41.96936816092662, 42.577998725408705, 41.36073759644453
2016-08-30, 41.944936671193, 42.43671280599615, 41.453160536389845
2016-08-29, 42.05538882856188, 42.52706824318119, 41.58370941394257
2016-08-26, 42.16403598661834, 42.885719863298384, 41.44235210993829
2016-08-25, 42.369105158922785, 42.91506319281721, 41.82314712502836
2016-08-24, 42.05407706007476, 42.61873653103448, 41.48941758911504
2016-08-23, 41.78827319912324, 42.29456008580769, 41.28198631243879
2016-08-22, 41.41835281914797, 41.80379957230326, 41.03290606599267
2016-08-19, 42.158199276212876, 42.424146096603366, 41.89225245582239
2016-08-18, 42.16912645129868, 42.61258691209824, 41.72566599049913
2016-08-17, 41.67910189385006, 42.271040966787986, 41.08716282091213
2016-08-16, 41.79628219210744, 42.36523219690935, 41.227332187305535
2016-08-15, 41.58535761252227, 42.611428319450134, 40.559286905594405
2016-08-12, 40.7022703415086, 41.081143156477005, 40.3233975265402
2016-08-11, 40.46628836372088, 41.22614431320504, 39.70643241423671
2016-08-10, 40.29513063929619, 41.1076538069717, 39.482607471620675
2016-08-09, 40.93552230919141, 41.70665659754948, 40.164388020833336
2016-08-08, 40.56899461972186, 41.081636572199734, 40.056352667244
2016-08-05, 41.509693852694284, 42.62782303165445, 40.391564673734116
2016-08-04, 41.59507027335603, 43.02890553827444, 40.161235008437615
2016-08-03, 44.10068083194403, 46.46835443037975, 41.733007233508324
2016-08-02, 44.477978657234445, 50.132526262598745, 38.82343105187014
2016-08-01, 39.24672417669196, 40.80119594573695, 37.692252407646976
2016-07-29, 36.8413600337228, 37.43776260187325, 36.24495746557235
2016-07-28, 36.89449573870688, 37.54928442629611, 36.23970705111764
2016-07-27, 37.10735862091071, 37.811518638226715, 36.4031986035947
2016-07-26, 37.12110792406271, 37.99481169846154, 36.247404149663886
2016-07-25, 36.85286315500611, 37.51276549681593, 36.192960813196294
2016-07-22, 36.921359560988876, 37.731975011682486, 36.11074411029526
2016-07-21, 36.570792258246584, 37.03274791434263, 36.10883660215054
2016-07-20, 36.33989466657858, 36.80821032179001, 35.87157901136715
2016-07-19, 36.2041169496507, 36.6536921134214, 35.75454178587999
2016-07-18, 35.893969106009784, 36.42099130306777, 35.366946908951796
2016-07-15, 36.71967000492866, 37.43228515410683, 36.00705485575049
2016-07-14, 36.838360402197196, 37.39524391390301, 36.28147689049139
2016-07-13, 36.30480066300683, 36.706906499002, 35.902694827011665
2016-07-11, 35.91748030536394, 36.567800782, 35.267159828727884
2016-07-08, 35.79203159258931, 36.89058692456087, 34.69347626061776
2016-07-07, 35.78071040829134, 38.13117334308612, 33.43024747349657
2016-07-06, 33.94162556941789, 34.60793466409267, 33.27531647474311
2016-07-05, 34.970890029079456, 35.808898438, 34.13288162015891
2016-07-01, 35.31246939071211, 36.08631679395434, 34.53862198746988
2016-06-30, 36.34571845785589, 38.10483121174771, 34.58660570396407
2016-06-29, 36.455180754121756, 37.66916971489361, 35.24119179334989
2016-06-28, 35.32125938602439, 36.53436447442973, 34.108154297619045
2016-06-27, 35.2234080284547, 36.5349787129234, 33.91183734398601
2016-06-24, 37.57862075237002, 42.06603112533109, 33.091210379408956
2016-06-23, 44.515775340091, 48.312956848175965, 40.71859383200602
2016-06-22, 41.993817228856315, 46.07672569165896, 37.91090876605367
2016-06-21, 38.97036796370148, 41.981542430433244, 35.959193496969704
2016-06-20, 34.654186093858264, 36.64017838913842, 32.66819379857811
2016-06-17, 33.82808451425787, 35.466169582608345, 32.1899994459074
2016-06-16, 33.8912989137909, 35.9848199351439, 31.79777789243789
2016-06-15, 36.51316702872526, 37.505460057853504, 35.520873999597015
2016-06-14, 36.49098443127909, 37.81219599573561, 35.16977286682257
2016-06-13, 36.420935528536724, 37.94244851884052, 34.899422538232926
2016-06-10, 44.43426252240285, 45.09280657835202, 43.775718466453675
2016-06-09, 44.88164450507153, 45.290455799270525, 44.47283321087253
2016-06-08, 45.12323222750449, 45.656360871768875, 44.590103583240094
2016-06-07, 45.099161478895184, 46.37020082163554, 43.82812213615482
2016-06-06, 44.356768906046476, 45.08044224326293, 43.63309556883002
2016-06-03, 46.11105702789678, 47.89485395606167, 44.32726009973188
2016-06-02, 47.721675227677444, 48.3469131555411, 47.096437299813786
2016-06-01, 47.9628399125253, 48.95859821860567, 46.96708160644492
2016-05-31, 48.65069675816541, 49.84749981619695, 47.45389370013387
2016-05-27, 56.046817149391686, 57.505294884334475, 54.5883394144489
2016-05-26, 57.851306280692185, 58.497907638979726, 57.20470492240465
2016-05-25, 57.974174259538685, 58.73838128036769, 57.20996723870967
2016-05-24, 57.48287394038366, 58.43105497777046, 56.534692902996866
2016-05-23, 57.11613505255659, 57.609385258493354, 56.62288484661981
2016-05-20, 57.635006808648996, 58.5725, 56.697513617298
2016-05-19, 56.332545971039494, 58.13057239204753, 54.53451955003146
2016-05-18, 55.70347233018619, 56.511858187003334, 54.89508647336905
2016-05-17, 55.74921580356844, 56.56503143733623, 54.93340016980065
2016-05-16, 55.318273185029796, 56.51114188733292, 54.12540448272668
2016-05-13, 55.62679804976539, 56.736644167893026, 54.516951931637756
2016-05-12, 56.428834212518765, 57.19212549164524, 55.66554293339229
2016-05-11, 55.96911948669511, 57.608195778813695, 54.330043194576525
2016-05-10, 55.826065215888576, 57.63049285025707, 54.02163758152009
2016-05-09, 55.05061166611969, 56.24734361082996, 53.85387972140942
2016-05-06, 55.9493796728777, 57.14827395491143, 54.75048539084397
2016-05-05, 56.197712796301275, 57.4318676737258, 54.96355791887675
2016-05-04, 57.0289330594009, 58.05669016790496, 56.00117595089683
2016-05-03, 57.574758240374045, 59.05148200773222, 56.09803447301587
2016-05-02, 57.426649341419676, 59.310452001589354, 55.54284668125
2016-04-29, 56.711180954382314, 58.25647507521255, 55.165886833552086
2016-04-28, 57.89538277946579, 60.0790488640906, 55.71171669484098
2016-04-27, 57.23457278721254, 59.127248270450536, 55.34189730397455
2016-04-26, 53.39114559643919, 55.93406345825972, 50.84822773461866
2016-04-25, 53.172924926213184, 55.239459157481036, 51.10639069494534
2016-04-22, 56.24945978884473, 57.36102589811309, 55.13789367957638
2016-04-21, 56.630498506966944, 57.83228701053976, 55.42871000339412
2016-04-20, 57.962241961948706, 59.17795068078176, 56.74653324311566
2016-04-19, 58.49659459733336, 59.531275692206506, 57.46191350246022
2016-04-18, 58.34163285835472, 59.23992400578929, 57.44334171092015
2016-04-15, 58.995688129330304, 59.690693790556054, 58.30068246810455
2016-04-14, 59.47462136864209, 59.907749808224665, 59.041492929059515
2016-04-13, 59.650333695086545, 60.47163311734332, 58.82903427282977
2016-04-12, 59.01903210423633, 59.88670161322983, 58.15136259524282
2016-04-11, 59.18230054645693, 59.98116114944862, 58.38343994346525
2016-04-08, 58.93718161817054, 59.9204529834067, 57.95391025293438
2016-04-07, 58.8296205571081, 59.641486704208255, 58.01775441000795
2016-04-06, 58.961034411955545, 59.74364855727095, 58.17842026664014
2016-04-05, 59.519756698932454, 60.24696282430549, 58.79255057355942
2016-04-04, 60.32496646834749, 60.897335359097134, 59.75259757759785
2016-04-01, 60.65211393421532, 61.64848563270108, 59.65574223572957
2016-03-31, 61.18818519507106, 61.94640902557303, 60.42996136456909
2016-03-30, 61.28775235803437, 62.27503544299366, 60.30046927307508
2016-03-29, 59.78583333499087, 61.49034764742785, 58.08131902255389
2016-03-28, 58.8431575610948, 59.6566939677693, 58.029621154420305
2016-03-24, 59.35288502105933, 60.05808147906881, 58.64768856304985
2016-03-23, 59.490228043561025, 60.16353872755259, 58.81691735956946
2016-03-22, 60.73582040028231, 61.79817028957597, 59.67347051098864
2016-03-21, 61.870608027286906, 62.54642055581156, 61.19479549876225
2016-03-18, 61.897737299769645, 63.40618955739475, 60.389285042144536
2016-03-17, 59.63785718437934, 60.750709662438474, 58.5250047063202
2016-03-16, 58.81890767452079, 59.466825279726265, 58.1709900693153
2016-03-15, 58.71127388096762, 59.628436399142814, 57.79411136279242
2016-03-14, 59.13230342426026, 60.3327290643663, 57.93187778415421
2016-03-11, 58.43955824953025, 59.3182564381674, 57.5608600608931
2016-03-10, 58.22393090143717, 59.146845435398106, 57.301016367476244
2016-03-09, 58.583332068207724, 59.1694721132822, 57.997192023133245
2016-03-08, 58.84463658327371, 59.776580172262875, 57.91269299428454
2016-03-07, 59.44896581893903, 61.06875, 57.82918163787806
2016-03-04, 58.116839660877005, 59.621150531134255, 56.61252879061976
2016-03-03, 57.07673682827621, 58.201870459931996, 55.951603196620425
2016-03-02, 55.13180542809959, 56.630264792413634, 53.633346063785545
2016-03-01, 53.670813958860606, 54.79567415120699, 52.54595376651423
2016-02-29, 52.78093464466832, 53.91522141959191, 51.64664786974474
2016-02-26, 54.72581362770098, 55.91763647834337, 53.53399077705859
2016-02-25, 54.64124440533686, 55.62655896128989, 53.655929849383845
2016-02-24, 54.479052414107066, 56.12849583475008, 52.82960899346405
2016-02-23, 53.98150843129281, 63.62915389772074, 44.33386296486487
2016-02-22, 52.12136827080725, 56.9133887773224, 47.3293477642921
2016-02-19, 55.927063214787786, 57.30684407584593, 54.54728235372964
2016-02-18, 57.59309864999484, 59.600923491192596, 55.5852738087971
2016-02-17, 57.21507952498269, 59.30258683812949, 55.12757221183589
2016-02-16, 57.57364144892742, 59.25371389478306, 55.89356900307177
2016-02-12, 60.552407196547406, 62.04715493882307, 59.057659454271736
2016-02-11, 60.36992489279252, 61.667262657098526, 59.07258712848651
2016-02-10, 61.57521708987683, 63.09638464054834, 60.05404953920532
2016-02-09, 61.95265781680168, 63.097755990459056, 60.80755964314431
2016-02-08, 61.41580653105146, 62.86747037570566, 59.96414268639727
2016-02-05, 61.20330502830902, 62.361903322448356, 60.04470673416967
2016-02-04, 62.9957888804032, 65.34221103448274, 60.64936672632364
2016-02-03, 63.28565280632388, 65.18259760464747, 61.3887080080003
2016-02-02, 62.69868384328728, 63.68866239236677, 61.70870529420778
2016-02-01, 62.46995219976725, 64.66525856342771, 60.27464583610679
2016-01-29, 62.11392882785842, 64.54588522990083, 59.681972425816014
2016-01-28, 59.046705028355376, 60.99064296049392, 57.10276709621684
2016-01-27, 58.22698661180128, 59.46897535897436, 56.9849978646282
2016-01-26, 58.20849622345835, 59.517521746644604, 56.89947070027209
2016-01-25, 57.6220368244136, 59.152270494576214, 56.09180315425099
2016-01-22, 57.54122245037783, 61.30766323088029, 53.774781669875374
2016-01-21, 54.59681979971459, 56.53761225324309, 52.656027346186086
2016-01-20, 57.064285785946794, 61.08672471824259, 53.041846853650995
2016-01-19, 59.94735687075256, 61.55587683084652, 58.33883691065859
2016-01-15, 58.9004994931363, 64.7978528388605, 53.003146147412096
2016-01-14, 54.34554902262694, 55.59057904482445, 53.10051900042942
2016-01-13, 54.72655615368309, 56.302625427524426, 53.15048687984176
2016-01-12, 53.82787048022121, 55.30449869666667, 52.351242263775745
2016-01-11, 52.88614108206144, 53.78986279244543, 51.98241937167745
2016-01-08, 52.6962708877962, 54.00321266418031, 51.389329111412096
2016-01-07, 54.73381665245256, 57.20213851442894, 52.26549479047619
2016-01-06, 57.635254073488795, 58.57489697818144, 56.69561116879614
2016-01-05, 58.008777449362924, 58.63884004774083, 57.37871485098502
2016-01-04, 58.35281126854758, 59.56497200301153, 57.14065053408364
2015-12-31, 60.41668725865506, 61.67833154277701, 59.15504297453311
2015-12-30, 61.018354025682385, 62.22689731619067, 59.8098107351741
2015-12-29, 61.3172410493836, 62.803027035346574, 59.83145506342063
2015-12-28, 61.36723960526227, 62.39557528997367, 60.33890392055088
2015-12-24, 57.8198868033044, 58.97876136942248, 56.66101223718631
2015-12-23, 59.390589564923125, 60.75677140885408, 58.02440772099217
2015-12-22, 58.836213258296524, 59.719079375128324, 57.95334714146473
2015-12-21, 58.780531984480604, 60.39286494755245, 57.16819902140876
2015-12-18, 56.250550407770675, 57.66645818529382, 54.83464263024752
2015-12-17, 58.296319900015874, 59.52690827173294, 57.065731528298805
2015-12-16, 58.071512014507675, 59.631033312097635, 56.51199071691771
2015-12-15, 57.96255616450909, 59.91716811352822, 56.00794421548996
2015-12-14, 59.57308712479785, 61.36306331567798, 57.783110933917726
2015-12-11, 60.92168459318431, 64.13908251523667, 57.704286671131946
2015-12-10, 64.06481176381457, 65.14425676003975, 62.9853667675894
2015-12-09, 64.68862954704949, 67.0883909265972, 62.28886816750179
2015-12-08, 66.76933600581108, 67.52866549948507, 66.01000651213711
2015-12-07, 67.73264967461856, 68.52317411204547, 66.94212523719165
2015-12-04, 74.12128988479614, 75.31603871090127, 72.92654105869103
2015-12-03, 73.16340135114316, 74.9982699679433, 71.32853273434303
2015-12-02, 76.01145457103392, 77.35202902821587, 74.67088011385198
2015-12-01, 73.15242903243904, 75.4543154699161, 70.85054259496201
2015-11-30, 71.15672057024838, 71.99402742169842, 70.31941371879836
2015-11-27, 75.12680355116632, 76.27961229946524, 73.97399480286738
2015-11-25, 83.17558654277948, 85.0234282, 81.32774488555896
2015-11-24, 83.47692300936157, 84.15037268101946, 82.80347333770368
2015-11-23, 83.19638340295451, 83.91574549382426, 82.47702131208476
2015-11-20, 84.9323398039553, 87.2253376375499, 82.6393419703607
2015-11-19, 82.68110194539338, 83.2769689016962, 82.08523498909057
2015-11-18, 80.27589631665907, 81.43192732110093, 79.1198653122172
2015-11-17, 79.9408136795254, 80.99093455131154, 78.89069280773926
2015-11-16, 80.88508393934544, 83.20884187330445, 78.5613260053864
2015-11-13, 79.51861951616712, 81.13543314413324, 77.90180588820101
2015-11-12, 81.31976181956054, 84.40000805266673, 78.23951558645436
2015-11-11, 84.00495140051737, 89.02699574042596, 78.98290706060877
2015-11-10, 75.5585538065964, 80.50317214570498, 70.61393546748779
2015-11-09, 72.46724812152698, 74.87985985526646, 70.05463638778748
2015-11-06, 74.45958259286002, 80.97300783418471, 67.94615735153532
2015-11-05, 120.1854901783339, 179.29509765999998, 61.075882696667804
2015-11-04, 65.2275539754388, 74.75393924930297, 55.70116870157461
2015-11-03, 71.22424856131704, 76.53731367448594, 65.91118344814815
2015-11-02, 79.12666836085522, 84.65395565200892, 73.59938106970152
2015-10-30, 83.61660907293849, 86.21088263670266, 81.02233550917431
2015-10-29, 86.76889604583293, 88.93, 84.60779209166586
2015-10-28, 89.80587328128843, 91.249418624583, 88.36232793799387
2015-10-27, 92.39619178500146, 94.26040776097065, 90.53197580903226
2015-10-26, 94.6537705265342, 95.2418660357008, 94.06567501736761
2015-10-23, 98.06917288830147, 98.93323526021265, 97.20511051639026
2015-10-22, 97.33228681070679, 99.64808839300963, 95.01648522840395
2015-10-21, 98.92563769477425, 100.03460762609048, 97.81666776345803
2015-10-20, 98.56696149236453, 100.39472500436123, 96.73919798036783
2015-10-19, 99.92564905283166, 100.71256993689377, 99.13872816876953
2015-10-16, 101.15158273597119, 103.92286983101994, 98.38029564092244
2015-10-15, 102.8417303672272, 103.71699892317, 101.9664618112844
2015-10-14, 103.40630454835897, 105.05513788678783, 101.7574712099301
2015-10-13, 105.327411290308, 106.37930091680605, 104.27552166380997
2015-10-12, 105.84191484435077, 106.15801138432953, 105.52581830437201
2015-10-09, 107.78318987932114, 108.55091580917339, 107.0154639494689
2015-10-08, 106.99047428100886, 108.25324353254327, 105.72770502947446
2015-10-07, 105.76882136236435, 107.4783043844643, 104.0593383402644
2015-10-06, 106.02800408571379, 108.17889572803077, 103.87711244339681
2015-10-05, 107.04229105000337, 108.5656895301493, 105.51889256985743
2015-10-02, 104.28497547301014, 106.68892183290156, 101.88102911311871
2015-10-01, 104.74567307083777, 106.35486675123602, 103.13647939043953
2015-09-30, 104.79606292755709, 106.124891638992, 103.46723421612218
2015-09-29, 103.05350370712281, 104.76335401013908, 101.34365340410655
2015-09-28, 106.05235912898013, 109.85360111784512, 102.25111714011516
2015-09-25, 106.37398211559272, 108.88262444782436, 103.86533978336111
2015-09-24, 106.40834326315249, 109.43864255806125, 103.37804396824372
2015-09-23, 108.4940268373629, 109.7375874865808, 107.25046618814501
2015-09-22, 110.07417702623931, 112.71256049661399, 107.43579355586462
2015-09-21, 110.41762102030533, 112.35158314583899, 108.48365889477168
2015-09-18, 109.0921020359601, 110.91353088998271, 107.2706731819375
2015-09-17, 111.63172045530958, 114.39187791663852, 108.87156299398063
2015-09-16, 111.81091595259966, 113.39997610314022, 110.2218558020591
2015-09-15, 109.68060846148182, 111.1682432206786, 108.19297370228504
2015-09-14, 107.36284003407573, 109.35163104892317, 105.3740490192283
2015-09-11, 104.25516076416756, 105.31726860621595, 103.19305292211918
2015-09-10, 104.56240490929932, 106.13865762700922, 102.9861521915894
2015-09-09, 104.13541582032958, 106.55828627789501, 101.71254536276416
2015-09-08, 102.682369132849, 105.27819696351112, 100.08654130218687
2015-09-04, 107.78977290605553, 109.21059146154359, 106.36895435056748
2015-09-03, 109.50062075578626, 110.40740702468312, 108.59383448688939
2015-09-02, 108.9293904924579, 110.91006564026046, 106.94871534465534
2015-09-01, 108.70487383780414, 111.82699118403248, 105.58275649157582
2015-08-31, 110.76699852937679, 112.92788926534493, 108.60610779340864
2015-08-28, 113.10909194622596, 118.20159329929801, 108.0165905931539
2015-08-27, 113.85596646419968, 116.51768353607383, 111.19424939232553
2015-08-26, 110.55123986695207, 114.46851084743382, 106.63396888647031
2015-08-25, 116.18553300420756, 123.74224706060835, 108.62881894780676
2015-08-24, 112.88397498543132, 121.45624262101533, 104.31170734984731
2015-08-21, 105.13256070100792, 114.7089485079665, 95.55617289404935
2015-08-20, 114.58435684860373, 116.66994224120536, 112.49877145600212
2015-08-19, 117.6268057786672, 127.86269673722627, 107.39091482010812
2015-08-18, 107.90227003653723, 109.66542066791511, 106.13911940515933
2015-08-17, 105.35840014683052, 106.6435799671892, 104.07322032647183
2015-08-14, 102.35200238364611, 103.23949711402265, 101.46450765326956
2015-08-13, 110.54752561307754, 122.25020487412588, 98.84484635202918
2015-08-12, 99.76162232780358, 101.31352710198861, 98.20971755361855
2015-08-11, 101.65685516435713, 103.53433675042663, 99.77937357828763
2015-08-10, 102.76179018810447, 104.23420362443092, 101.28937675177802
2015-08-07, 96.87730489176818, 97.9247607568601, 95.82984902667627
2015-08-06, 96.78617639270139, 98.8692908512913, 94.70306193411149
2015-08-05, 96.34171739013536, 97.29709751542529, 95.38633726484541
2015-08-04, 96.3639304431156, 97.39757716352793, 95.33028372270327
2015-08-03, 97.4727422091341, 99.14189587859782, 95.80358853967037
2015-07-31, 96.07177471570114, 96.96613873500544, 95.17741069639683
2015-07-30, 95.15260255003525, 96.0950603257047, 94.21014477436583
2015-07-29, 93.72186302851405, 95.04266091210437, 92.40106514492373
2015-07-28, 92.48308801642439, 93.50535236808646, 91.46082366476232
2015-07-27, 92.90076257030493, 93.89317417130026, 91.90835096930961
2015-07-24, 96.56214414935891, 99.59916458940992, 93.52512370930789
2015-07-23, 99.76063127626558, 100.69881726898572, 98.82244528354545
2015-07-22, 100.62214631845596, 101.3709883407818, 99.87330429613012
2015-07-21, 99.94597113821821, 100.99151694849044, 98.90042532794598
2015-07-20, 101.92943513098218, 102.91731907734211, 100.94155118462226
2015-07-17, 102.039474728775, 104.0009133436639, 100.07803611388611
2015-07-16, 99.72780236886052, 102.74612894542982, 96.70947579229122
2015-07-15, 97.50010008847883, 99.20152788440447, 95.79867229255319
2015-07-14, 95.88061464532866, 97.89729869996208, 93.86393059069525
2015-07-13, 94.02560067039553, 99.41179569470543, 88.63940564608562
2015-07-10, 96.9506154096147, 101.53748421953446, 92.36374659969495
2015-07-09, 100.4434251550631, 101.84515054176461, 99.04169976836158
2015-07-08, 100.67226737521926, 103.24405421777804, 98.1004805326605
2015-07-07, 101.6847766902819, 103.58277575387122, 99.78677762669257
2015-07-06, 97.28127932820978, 102.38055290959474, 92.18200574682481
2015-07-02, 107.88376617095997, 109.45956545287075, 106.30796688904918
2015-07-01, 106.47244438043455, 108.52789171493019, 104.41699704593891
2015-06-30, 105.672634815343, 108.29355762318131, 103.05171200750469
2015-06-29, 110.17820603054449, 112.96599215266407, 107.39041990842492
2015-06-26, 118.34423452906087, 120.84496438346973, 115.84350467465201
2015-06-25, 116.13036476721865, 117.81370180286106, 114.44702773157626
2015-06-24, 117.00442020292388, 118.27790564032341, 115.73093476552434
2015-06-23, 115.79667629870319, 117.61274197866149, 113.98061061874489
2015-06-22, 116.48266179662016, 117.97852132892089, 114.98680226431944
2015-06-19, 115.51986595121033, 117.2287993400194, 113.81093256240126
2015-06-18, 115.0552756752704, 117.40023557263741, 112.71031577790339
2015-06-17, 111.85824555103116, 114.87840684240761, 108.83808425965469
2015-06-16, 113.82209605272027, 117.06048563496209, 110.58370647047845
2015-06-15, 117.39693553437453, 118.87548017275746, 115.91839089599162
2015-06-12, 119.56918726453874, 122.01210984981735, 117.12626467926013
2015-06-11, 121.85397474552573, 122.86973017843818, 120.83821931261329
2015-06-10, 120.95167596995836, 122.67260791978246, 119.23074402013424
2015-06-09, 119.62369092734744, 121.78967927546137, 117.45770257923353
2015-06-08, 118.83941006026151, 121.88400088072643, 115.79481923979658
2015-06-05, 121.20916023352146, 122.2207186933715, 120.19760177367142
2015-06-04, 119.01407131789426, 123.22625964709088, 114.80188298869766
2015-06-03, 123.16539859382877, 124.22625534358973, 122.1045418440678
2015-06-02, 121.68047348151754, 123.4350081258102, 119.92593883722486
2015-06-01, 118.64174472186504, 121.25522420305384, 116.02826524067623
2015-05-29, 116.74912257108487, 117.56238094033723, 115.9358642018325
2015-05-28, 117.81384687413438, 119.15293137962719, 116.47476236864159
2015-05-27, 117.41466807222753, 118.33430658990373, 116.49502955455131
2015-05-26, 117.56635855249829, 118.99314621409923, 116.13957089089736
2015-05-22, 119.47123047311517, 121.56397753772518, 117.37848340850516
2015-05-21, 120.52832316294564, 121.59667125879697, 119.4599750670943
2015-05-20, 121.84578196371686, 123.07264157612342, 120.61892235131032
2015-05-19, 120.85529405142377, 122.45668874282663, 119.25389936002091
2015-05-18, 121.02153909067408, 121.61892131006105, 120.42415687128712
2015-05-15, 120.926019611685, 121.44570452611988, 120.40633469725013
2015-05-14, 119.85615678463233, 121.88016382694619, 117.83214974231849
2015-05-13, 117.01026928028034, 118.22133956839224, 115.79919899216843
2015-05-12, 116.46324574269923, 118.0018214783458, 114.92467000705265
2015-05-11, 116.76879849432738, 117.96700297511018, 115.57059401354459
2015-05-08, 116.34946255305513, 119.72399361436274, 112.97493149174751
2015-05-07, 116.97473137975481, 119.14531198541599, 114.80415077409366
2015-05-06, 114.262319851331, 116.98857365448289, 111.53606604817912
2015-05-05, 114.7334089691928, 117.5561245758856, 111.9106933625
2015-05-04, 113.52701359301602, 114.76336792608063, 112.29065925995143
2015-05-01, 116.44515240154304, 117.49798373957248, 115.3923210635136
2015-04-30, 118.94864068811509, 123.22056766655278, 114.67671370967741
2015-04-29, 123.06165603191337, 124.49409010731975, 121.629221956507
2015-04-28, 122.72065377717183, 123.83577358529251, 121.60553396905117
2015-04-27, 119.31275348500412, 121.17040364666667, 117.45510332334159
2015-04-24, 97.61607897027027, 97.88577914054054, 97.3463788
2015-04-23, 107.6394741859356, 118.16127523133063, 97.11767314054055
2015-04-21, 113.33122666037735, 113.89747936477987, 112.76497395597485
